brand,model,top_speed_kmh,battery_capacity_kWh,torque_nm,efficiency_wh_per_km,range_km,acceleration_0_100_s,fast_charging_power_kw_dc,fast_charge_port,towing_capacity_kg,cargo_volume_l,seats,drivetrain,segment,length_mm,width_mm,height_mm,car_body_type,source_url
0,45,155,37.8,235.0,156,225,7.0,67.0,0,0.0,185,4,1,1,3673,1683,1518,1,76
0,46,155,37.8,235.0,149,225,7.0,67.0,0,0.0,185,4,1,1,3673,1683,1518,1,75
0,50,200,50.8,345.0,158,280,5.9,79.0,0,0.0,360,5,1,6,4187,1779,1557,3,340
0,51,200,50.8,345.0,158,280,6.2,79.0,0,0.0,360,5,1,6,4187,1779,1557,3,339
1,319,150,50.8,260.0,128,320,9.0,85.0,0,0.0,400,5,1,6,4173,1781,1532,3,231
1,320,200,50.8,345.0,164,310,6.0,85.0,0,0.0,400,5,1,6,4173,1781,1505,3,232
2,57,160,52.0,285.0,138,310,7.4,70.0,0,500.0,326,5,1,1,3997,1823,1512,1,301
2,58,170,52.0,300.0,144,305,6.4,70.0,0,500.0,326,5,1,1,3997,1823,1512,1,302
3,59,210,75.8,435.0,146,465,6.0,150.0,0,2100.0,502,5,2,9,4928,1923,1455,6,338
3,60,210,94.9,565.0,151,575,5.4,200.0,0,2100.0,502,5,2,9,4928,1923,1455,6,305
3,61,210,94.9,855.0,157,560,4.5,200.0,0,2100.0,502,5,0,9,4928,1923,1455,6,337
3,62,210,75.8,435.0,136,495,6.0,150.0,0,2100.0,502,5,2,9,4928,1923,1455,2,336
3,63,210,94.9,565.0,141,610,5.4,200.0,0,2100.0,502,5,2,9,4928,1923,1455,2,303
3,64,210,94.9,855.0,147,590,4.7,200.0,0,2100.0,502,5,0,9,4928,1923,1455,2,335
3,303,160,59.0,310.0,156,340,8.1,110.0,0,1000.0,520,5,2,7,4588,1865,1614,3,404
3,304,180,77.0,545.0,162,435,6.7,120.0,0,1000.0,535,5,2,7,4588,1865,1614,3,129
3,305,180,77.0,679.0,165,410,6.6,120.0,0,1200.0,535,5,0,7,4588,1865,1614,3,130
3,306,180,77.0,679.0,165,415,5.4,120.0,0,1200.0,535,5,0,7,4588,1865,1614,3,131
3,307,160,59.0,310.0,159,325,8.1,110.0,0,1000.0,520,5,2,7,4588,1865,1632,3,403
3,308,180,77.0,545.0,169,420,6.7,120.0,0,1000.0,520,5,2,7,4588,1865,1632,3,126
3,309,180,77.0,679.0,171,395,6.6,120.0,0,1200.0,520,5,0,7,4588,1865,1632,3,127
3,310,180,77.0,679.0,171,395,5.4,120.0,0,1200.0,520,5,0,7,4588,1865,1632,3,128
3,311,210,75.8,450.0,166,395,7.0,150.0,0,2000.0,526,5,2,8,4771,1939,1685,3,313
3,312,210,75.8,450.0,139,410,7.0,150.0,0,2000.0,511,5,2,8,4771,1939,1665,3,325
3,313,210,94.9,485.0,145,510,6.6,190.0,0,2000.0,511,5,2,8,4771,1939,1665,3,326
3,314,210,94.9,855.0,149,500,5.9,200.0,0,2400.0,511,5,0,8,4771,1939,1665,3,327
3,315,210,94.9,485.0,171,490,6.6,190.0,0,2000.0,526,5,2,8,4771,1939,1685,3,258
3,316,210,94.9,855.0,176,480,5.9,200.0,0,2400.0,526,5,0,8,4771,1939,1685,3,206
3,323,240,94.9,855.0,156,530,3.9,200.0,0,2100.0,502,5,0,9,4928,1923,1493,6,306
3,324,240,94.9,855.0,149,555,3.9,200.0,0,2100.0,502,5,0,9,4928,1923,1465,2,304
3,333,230,94.9,855.0,169,470,4.3,200.0,0,2400.0,514,5,0,8,4771,1965,1685,3,207
3,334,230,94.9,855.0,164,495,4.3,200.0,0,2400.0,511,5,0,8,4771,1965,1665,3,328
3,414,250,97.0,865.0,184,525,2.8,281.0,0,0.0,350,4,0,5,4997,1964,1389,4,263
3,415,250,97.0,1027.0,182,525,2.5,281.0,0,0.0,350,4,0,5,4997,1964,1389,4,264
3,416,245,97.0,740.0,172,540,3.4,281.0,0,0.0,405,4,0,5,5004,1964,1394,4,262
3,417,245,97.0,625.0,169,540,4.0,281.0,0,0.0,405,4,0,5,5004,1964,1394,4,423
4,422,225,81.3,795.0,197,450,3.9,131.0,0,1600.0,470,5,0,3,4783,1852,1448,2,246
4,423,190,67.1,400.0,174,430,6.0,95.0,0,1600.0,470,5,2,3,4783,1852,1448,2,243
4,424,190,81.3,430.0,174,515,5.6,131.0,0,1600.0,470,5,2,3,4783,1852,1448,2,244
4,425,200,81.3,600.0,183,490,5.1,131.0,0,1600.0,470,5,0,3,4783,1852,1448,2,245
4,426,230,81.2,795.0,172,430,3.8,136.0,0,2000.0,490,5,0,4,5060,1900,1505,4,379
4,427,230,81.2,795.0,179,425,3.9,136.0,0,2000.0,570,5,0,4,5060,1900,1505,6,382
4,428,193,81.2,400.0,159,480,6.0,136.0,0,1500.0,490,5,2,4,5060,1900,1515,4,377
4,429,193,81.2,400.0,165,465,6.1,136.0,0,1500.0,570,5,2,4,5060,1900,1515,6,380
4,430,215,81.2,590.0,167,465,5.4,136.0,0,2000.0,490,5,0,4,5060,1900,1515,4,378
4,431,215,81.2,590.0,174,450,5.5,136.0,0,2000.0,570,5,0,4,5060,1900,1515,6,381
4,432,250,101.7,1100.0,208,490,3.7,159.0,0,0.0,500,5,0,5,5391,1950,1544,4,69
4,433,205,101.7,650.0,177,520,5.5,159.0,0,0.0,500,5,2,5,5391,1950,1544,4,77
4,434,240,101.7,745.0,172,510,4.7,159.0,0,2000.0,500,5,0,5,5391,1950,1544,4,20
4,435,250,108.9,1015.0,209,500,3.8,150.0,0,2500.0,500,5,0,9,4965,1970,1695,3,376
4,436,200,94.8,700.0,193,470,5.1,115.0,0,2500.0,500,5,0,9,4965,1970,1695,3,374
4,437,200,109.1,765.0,194,525,4.6,150.0,0,2500.0,500,5,0,9,4965,1970,1695,3,375
4,438,170,64.7,247.0,150,390,8.3,94.0,0,750.0,490,5,1,7,4500,1845,1616,3,117
4,439,180,64.7,494.0,155,380,5.6,94.0,0,1200.0,490,5,0,7,4500,1845,1616,3,22
4,440,170,64.7,247.0,147,395,8.6,94.0,0,750.0,525,5,1,7,4554,1845,1560,3,170
4,441,180,64.7,494.0,155,385,5.6,94.0,0,1200.0,525,5,0,7,4554,1845,1560,3,139
5,65,160,45.1,290.0,145,245,7.9,51.0,0,750.0,400,5,1,6,4310,1830,1675,3,386
5,66,160,60.5,310.0,144,340,7.3,75.0,0,750.0,440,5,1,7,4455,1875,1615,3,433
5,96,150,44.9,180.0,132,265,12.3,50.0,0,0.0,345,5,1,2,4290,1770,1570,1,84
5,97,160,60.5,310.0,142,350,7.0,65.0,0,0.0,345,5,1,2,4290,1770,1570,1,85
5,98,150,30.0,175.0,136,190,11.1,45.0,0,0.0,308,4,1,1,3990,1720,1590,1,434
5,99,150,43.2,175.0,134,270,12.1,60.0,0,0.0,308,4,1,1,3990,1720,1590,1,435
5,100,150,43.2,220.0,139,265,9.1,60.0,0,0.0,308,4,1,1,3990,1720,1590,1,436
5,325,220,61.4,380.0,133,365,7.5,75.0,0,750.0,400,5,2,3,4800,1875,1460,4,369
5,326,180,82.5,670.0,159,445,3.8,100.0,0,1500.0,400,5,0,3,4800,1875,1460,4,123
5,327,180,82.5,360.0,145,480,5.9,100.0,0,750.0,400,5,2,3,4800,1875,1460,4,122
5,328,175,71.8,310.0,171,360,9.3,72.0,0,1300.0,552,5,1,8,4785,1890,1668,3,168
5,329,175,87.0,330.0,174,425,9.6,85.0,0,1300.0,552,5,1,8,4785,1890,1668,3,154
5,330,215,82.5,690.0,181,400,4.5,115.0,0,1500.0,520,5,0,8,4830,1925,1620,3,351
5,331,215,82.5,380.0,171,415,6.7,115.0,0,750.0,520,5,2,8,4830,1925,1620,3,350
5,332,215,91.3,690.0,182,430,4.5,165.0,0,1500.0,520,5,0,8,4830,1925,1620,3,352
5,340,190,108.8,700.0,205,460,4.9,100.0,0,1500.0,235,7,0,9,4970,1955,1745,3,169
6,77,160,59.0,310.0,156,360,6.7,110.0,0,0.0,385,5,2,2,4322,1809,1540,1,270
6,78,160,77.0,310.0,157,460,7.0,125.0,0,0.0,385,5,2,2,4322,1809,1540,1,271
6,79,200,79.0,545.0,149,465,5.6,135.0,0,0.0,385,5,2,2,4322,1809,1538,1,192
6,341,180,77.0,545.0,142,445,6.8,120.0,0,1000.0,540,5,2,7,4644,1861,1597,3,103
6,342,180,77.0,545.0,150,425,5.5,120.0,0,1200.0,540,5,0,7,4644,1861,1597,3,104
7,257,210,102.0,610.0,192,460,5.3,165.0,0,1587.0,793,5,0,10,5005,1977,1623,3,280
8,392,132,50.0,260.0,149,235,11.7,80.0,0,750.0,775,5,1,11,4403,1921,1803,5,217
8,393,132,50.0,260.0,149,230,11.7,80.0,0,750.0,1050,7,1,11,4753,1921,1814,5,218
8,394,135,44.0,120.0,135,255,11.5,60.0,0,550.0,310,5,1,1,4015,1755,1577,1,138
8,395,145,44.0,125.0,144,240,12.9,60.0,0,350.0,460,5,1,6,4395,1795,1660,3,267
8,396,150,46.3,260.0,135,285,9.9,78.0,0,0.0,380,5,1,2,4360,1834,1525,1,330
8,397,150,50.8,260.0,122,325,9.1,78.0,0,0.0,380,5,1,2,4360,1834,1525,1,331
8,398,150,46.3,260.0,132,290,9.9,78.0,0,0.0,510,5,1,2,4600,1834,1525,4,332
8,399,150,50.8,260.0,119,335,9.1,78.0,0,0.0,510,5,1,2,4600,1834,1525,4,333
8,402,130,46.3,220.0,217,180,13.3,78.0,0,1000.0,603,9,1,11,4983,1920,1890,5,286
8,403,130,68.0,220.0,202,260,14.2,79.0,0,1000.0,603,9,1,11,4983,1920,1890,5,288
8,404,130,46.3,220.0,219,180,13.3,78.0,0,1000.0,989,9,1,11,5333,1920,1890,5,287
8,405,130,68.0,220.0,204,260,14.2,79.0,0,1000.0,989,9,1,11,5333,1920,1890,5,289
9,25,150,50.8,260.0,128,300,9.0,85.0,0,0.0,350,5,1,6,4118,1802,1534,3,49
9,284,160,58.3,345.0,130,375,7.1,70.0,0,0.0,390,5,1,7,4400,1866,1470,1,441
9,285,190,97.2,511.0,146,530,5.4,130.0,0,1400.0,620,5,0,8,4834,1920,1574,3,356
9,286,190,73.7,345.0,141,415,7.7,100.0,0,1260.0,620,5,1,8,4834,1920,1574,3,354
9,287,190,97.2,345.0,136,545,7.8,130.0,0,1200.0,620,5,1,8,4834,1920,1574,3,355
10,338,125,25.0,125.0,109,165,19.1,29.0,0,0.0,308,4,1,0,3700,1622,1516,1,190
10,339,125,25.0,113.0,114,160,13.7,29.0,0,0.0,308,4,1,0,3700,1622,1516,1,191
11,41,135,21.3,220.0,112,135,9.0,40.0,0,0.0,185,4,1,1,3631,1683,1529,1,29
11,42,150,37.3,220.0,122,235,9.0,67.0,0,0.0,185,4,1,1,3631,1683,1529,1,7
11,43,135,21.3,220.0,112,135,9.0,40.0,0,0.0,185,4,1,1,3631,1683,1529,0,30
11,44,150,37.3,220.0,125,230,9.0,67.0,0,0.0,185,4,1,1,3631,1683,1529,0,0
11,47,135,21.3,220.0,112,135,9.0,40.0,0,0.0,185,4,1,1,3631,1683,1529,1,6
11,48,150,37.3,220.0,118,235,9.0,67.0,0,0.0,185,4,1,1,3631,1683,1529,1,1
11,49,150,50.8,260.0,124,310,9.0,79.0,0,0.0,360,5,1,6,4171,1781,1523,3,97
11,215,132,43.8,122.0,136,260,11.0,60.0,0,550.0,361,5,1,1,3999,1763,1570,1,285
12,83,180,79.0,679.0,148,455,5.3,135.0,0,1200.0,572,5,0,3,4643,1872,1626,2,279
12,84,180,77.0,545.0,135,455,6.4,120.0,0,1000.0,572,5,2,3,4643,1872,1626,2,278
12,85,160,52.0,310.0,163,320,9.0,85.0,0,1000.0,572,5,2,3,4643,1872,1626,2,277
12,199,180,79.0,679.0,153,440,5.3,135.0,0,1200.0,536,5,0,7,4468,1871,1639,3,227
12,200,180,77.0,545.0,139,435,6.4,120.0,0,1000.0,536,5,2,7,4468,1871,1630,3,226
12,201,160,52.0,310.0,137,305,8.7,85.0,0,1000.0,536,5,2,7,4468,1871,1630,3,225
12,274,180,88.0,675.0,160,435,4.8,105.0,0,1500.0,519,5,0,8,4713,1881,1624,3,430
12,273,180,91.0,675.0,165,445,4.6,115.0,0,1500.0,519,5,0,8,4713,1881,1624,3,311
12,276,180,88.0,525.0,147,475,6.1,105.0,0,1500.0,519,5,2,8,4713,1881,1624,3,429
12,275,180,91.0,525.0,152,480,5.9,115.0,0,1500.0,519,5,2,8,4713,1881,1624,3,310
12,277,200,91.0,950.0,177,425,3.8,115.0,0,750.0,519,5,0,8,4743,1881,1613,3,312
12,278,200,91.0,950.0,177,435,3.8,115.0,0,750.0,519,5,0,8,4743,1881,1613,3,431
12,280,200,91.0,950.0,178,415,3.9,115.0,0,750.0,519,5,0,8,4743,1881,1633,3,432
12,279,200,91.0,950.0,178,410,3.9,115.0,0,750.0,519,5,0,8,4743,1881,1633,3,308
12,281,180,72.6,525.0,154,385,6.2,100.0,0,750.0,519,5,2,8,4713,1881,1624,3,309
12,282,180,72.6,525.0,154,380,6.2,100.0,0,750.0,519,5,2,8,4713,1881,1624,3,428
12,302,160,43.6,290.0,126,275,8.0,85.0,0,750.0,523,5,1,6,4214,1805,1555,3,353
12,406,130,64.0,415.0,370,235,9.0,70.0,0,2000.0,672,8,2,11,5050,1999,1959,5,417
12,407,130,64.0,415.0,370,235,8.0,70.0,0,2000.0,672,8,2,11,5050,1999,1959,5,418
12,408,150,64.0,415.0,370,235,9.0,70.0,0,2000.0,672,8,2,11,5908,1999,1959,5,419
12,409,150,64.0,415.0,370,235,8.0,70.0,0,2000.0,672,8,2,11,5908,1999,1959,5,420
13,288,160,45.4,250.0,146,260,8.3,45.0,0,0.0,228,5,1,2,4235,1825,1603,1,165
13,289,160,59.3,250.0,141,340,8.2,56.0,0,0.0,228,5,1,2,4235,1825,1603,1,166
13,290,160,59.3,250.0,148,325,8.2,56.0,0,0.0,228,5,1,2,4254,1848,1603,1,167
13,291,180,83.5,680.0,161,430,4.5,80.0,0,0.0,333,5,0,3,4871,1862,1500,4,284
13,292,170,64.3,340.0,146,350,8.2,75.0,0,0.0,333,5,1,3,4871,1862,1500,4,283
13,293,170,64.3,340.0,146,350,8.2,75.0,0,0.0,333,5,1,3,4871,1862,1500,4,282
14,211,185,74.0,350.0,143,390,7.8,200.0,0,1600.0,432,5,2,7,4515,1890,1580,3,15
14,212,200,74.0,605.0,157,375,5.5,200.0,0,1600.0,432,5,0,7,4515,1890,1580,3,16
14,213,235,74.0,700.0,159,360,4.0,200.0,0,1600.0,432,5,0,7,4515,1890,1580,3,17
14,214,235,74.0,700.0,163,350,4.2,190.0,0,1800.0,503,5,0,8,4715,1910,1630,3,28
15,418,160,61.9,310.0,150,335,7.6,60.0,0,0.0,361,5,1,6,4387,1790,1584,3,92
16,101,200,112.0,750.0,217,455,4.9,110.0,0,1500.0,438,5,0,10,5209,2010,1731,3,149
16,102,200,76.5,600.0,193,320,6.5,112.0,0,1500.0,438,5,0,10,5209,2010,1731,3,32
16,103,200,90.0,750.0,194,370,4.9,112.0,0,1500.0,438,5,0,10,5209,2010,1731,3,33
17,243,185,60.0,350.0,136,345,8.5,150.0,0,750.0,520,5,2,7,4655,1890,1605,3,272
17,244,185,80.0,605.0,162,445,5.3,205.0,0,1600.0,520,5,0,7,4655,1890,1605,3,274
17,245,185,80.0,350.0,155,450,7.5,205.0,0,1600.0,520,5,2,7,4655,1890,1605,3,273
17,246,260,80.0,740.0,179,390,3.4,205.0,0,0.0,480,5,0,7,4715,1940,1585,3,143
17,247,185,74.0,350.0,136,495,7.4,200.0,0,1500.0,401,5,2,3,4855,1880,1495,4,26
17,248,185,74.0,605.0,143,440,5.1,200.0,0,1500.0,401,5,0,3,4855,1880,1495,4,27
17,249,185,50.0,350.0,117,335,8.8,120.0,0,750.0,401,5,2,3,4855,1880,1495,4,25
17,250,200,106.0,605.0,177,490,6.7,195.0,0,2500.0,338,7,0,10,5060,1980,1790,3,348
17,251,185,106.0,350.0,171,500,9.4,195.0,0,1600.0,338,7,2,10,5060,1980,1790,3,347
17,252,200,106.0,700.0,177,480,5.2,195.0,0,2500.0,338,7,0,10,5060,1980,1790,3,349
17,255,160,48.4,255.0,128,295,8.8,50.0,0,300.0,466,5,1,6,4355,1825,1575,3,63
17,256,170,65.4,255.0,144,390,7.8,86.0,0,750.0,466,5,1,6,4355,1825,1575,3,64
18,219,200,84.7,696.0,208,380,4.8,85.0,0,750.0,505,5,0,8,4682,2011,1566,3,55
19,76,150,50.8,260.0,132,310,9.0,85.0,0,0.0,355,5,1,6,4084,1776,1528,3,56
19,88,180,74.0,345.0,148,370,8.5,90.0,0,1000.0,550,5,1,7,4552,1928,1675,3,422
20,365,175,72.0,339.0,156,370,8.1,85.0,0,1500.0,839,5,1,7,4715,1890,1725,3,234
21,159,170,78.0,283.0,139,455,7.7,105.0,0,1000.0,460,5,1,6,4300,1850,1560,3,255
21,160,170,55.0,283.0,133,325,7.5,80.0,0,300.0,460,5,1,6,4300,1850,1560,3,254
21,161,260,80.0,770.0,178,385,3.5,205.0,0,1800.0,480,5,0,7,4695,1890,1545,3,357
21,162,185,80.0,350.0,143,455,7.3,205.0,0,1800.0,490,5,2,7,4695,1880,1575,3,315
21,163,185,80.0,605.0,154,440,5.2,205.0,0,1800.0,490,5,0,7,4695,1880,1575,3,316
21,164,185,60.0,350.0,140,345,8.7,150.0,0,750.0,490,5,2,7,4695,1880,1575,3,317
21,165,190,73.0,350.0,165,355,8.5,160.0,0,900.0,333,7,2,10,5010,1980,1755,3,65
21,166,200,96.0,600.0,188,435,6.0,194.0,0,2500.0,333,7,0,10,5010,1980,1755,3,67
21,167,220,96.0,740.0,190,420,4.6,194.0,0,2500.0,333,7,0,10,5015,1980,1755,3,437
21,168,200,96.0,700.0,190,425,5.3,194.0,0,2500.0,333,7,0,10,5015,1980,1780,3,114
21,169,185,96.0,350.0,171,450,9.4,194.0,0,900.0,333,7,2,10,5010,1980,1755,3,66
21,283,167,64.8,255.0,140,385,7.8,70.0,0,750.0,475,5,1,7,4420,1825,1570,3,18
22,374,150,48.1,260.0,122,310,8.2,80.0,0,0.0,309,5,1,1,4080,1760,1440,1,187
23,80,170,69.9,320.0,166,350,7.5,70.0,0,1500.0,435,5,2,8,4739,1900,1680,3,324
24,317,160,64.0,266.0,149,365,8.0,100.0,0,750.0,522,5,1,7,4690,1860,1600,3,314
24,318,160,64.0,435.0,158,350,5.6,100.0,0,750.0,522,5,0,8,4805,1895,1635,3,21
24,368,160,64.0,300.0,145,340,7.5,35.0,1,0.0,316,5,1,7,4495,1840,1545,3,95
25,181,250,109.0,710.0,204,495,4.5,259.0,0,2250.0,611,5,0,10,5103,2019,1630,3,41
25,182,260,109.0,985.0,266,455,2.9,259.0,0,2250.0,611,5,0,10,5103,2019,1636,3,42
25,183,250,109.0,710.0,222,480,4.5,259.0,0,2250.0,611,5,0,10,5103,2019,1630,3,153
25,188,250,98.9,710.0,198,520,4.2,240.0,0,2250.0,509,5,0,5,5139,2005,1464,2,201
25,189,256,98.9,985.0,227,465,2.8,240.0,0,1225.0,509,5,0,5,5139,2005,1464,2,203
25,190,250,98.9,710.0,198,520,4.2,240.0,0,2250.0,509,5,0,5,5139,2005,1464,2,202
26,70,270,112.0,1200.0,143,665,3.0,184.0,0,0.0,456,5,0,5,4975,1939,1410,4,5
27,20,180,65.0,343.0,149,370,5.5,90.0,0,1600.0,410,5,2,7,4460,1845,1573,3,329
28,31,160,50.8,250.0,145,300,7.7,68.0,0,500.0,363,5,2,2,4287,1836,1504,1,23
28,32,160,61.7,250.0,142,360,7.9,116.0,0,500.0,363,5,2,2,4287,1836,1504,1,24
28,33,180,74.4,350.0,143,425,6.5,110.0,0,500.0,363,5,2,2,4287,1836,1516,1,105
28,34,200,61.7,600.0,160,320,3.8,116.0,0,500.0,363,5,0,2,4287,1836,1516,1,96
28,39,185,57.4,280.0,151,335,7.7,60.0,0,500.0,479,5,1,2,4600,1818,1543,6,8
28,40,185,46.0,280.0,148,265,7.7,53.0,0,500.0,479,5,1,2,4600,1818,1543,6,14
28,321,170,47.1,250.0,139,275,8.0,80.0,0,750.0,453,5,2,7,4476,1849,1621,3,401
28,322,190,62.1,350.0,134,365,6.3,90.0,0,750.0,453,5,2,7,4476,1849,1621,3,402
28,375,175,68.3,280.0,155,370,8.4,82.0,0,500.0,448,5,1,6,4323,1809,1649,3,10
28,376,175,49.0,280.0,153,265,8.6,50.0,0,500.0,448,5,1,6,4323,1809,1649,3,9
29,218,220,95.0,820.0,220,400,4.1,110.0,0,1800.0,535,5,0,9,4865,1948,1651,3,74
30,258,180,84.0,350.0,195,365,9.2,103.0,0,1000.0,466,7,1,11,5270,2000,1840,5,68
31,52,175,66.0,320.0,138,390,7.6,120.0,0,1500.0,456,5,2,3,4921,1890,1491,2,372
31,53,175,75.0,320.0,136,440,7.8,70.0,0,1500.0,456,5,2,3,4921,1890,1491,2,373
32,81,210,85.0,335.0,122,565,6.7,235.0,0,1500.0,405,5,2,3,4723,1855,1468,4,394
32,82,210,85.0,515.0,126,550,4.9,235.0,0,1800.0,405,5,0,3,4723,1855,1468,4,395
32,114,160,66.5,385.0,146,395,8.6,100.0,0,1500.0,340,5,1,7,4463,1834,1620,3,106
32,115,160,70.5,385.0,142,420,8.6,90.0,0,1500.0,340,5,1,7,4463,1834,1620,3,107
32,116,160,66.5,390.0,162,350,7.7,100.0,0,1800.0,340,5,0,7,4463,1834,1620,3,108
32,117,160,66.5,520.0,162,350,6.0,100.0,0,1800.0,340,5,0,7,4463,1834,1620,3,109
32,118,160,70.5,385.0,152,415,8.9,90.0,0,1400.0,495,7,1,7,4684,1834,1667,3,110
32,119,160,66.5,390.0,168,345,8.0,100.0,0,1700.0,495,7,0,7,4684,1834,1667,3,111
32,120,160,66.5,520.0,168,345,6.2,100.0,0,1700.0,495,7,0,7,4684,1834,1667,3,112
32,121,210,89.0,550.0,163,525,7.3,120.0,0,750.0,430,5,2,4,4946,1906,1503,4,247
32,122,210,90.6,765.0,173,515,6.3,141.0,0,1700.0,430,5,0,4,4946,1906,1503,4,249
32,123,210,96.0,565.0,164,555,6.5,141.0,0,750.0,430,5,2,4,4946,1906,1510,4,248
32,124,210,90.6,858.0,173,505,4.7,141.0,0,1700.0,430,5,0,4,4946,1906,1503,4,250
32,125,210,90.6,858.0,207,450,4.2,141.0,0,1700.0,430,5,0,4,4964,1906,1495,4,251
32,126,220,90.6,950.0,208,450,3.5,141.0,0,1700.0,430,5,0,4,4964,1906,1495,4,252
32,127,210,90.6,550.0,182,450,7.6,141.0,0,750.0,520,5,2,9,4863,1940,1685,3,144
32,128,210,90.6,765.0,189,435,6.6,141.0,0,1800.0,520,5,0,9,4863,1940,1685,3,146
32,129,210,96.0,565.0,164,475,6.9,141.0,0,750.0,520,5,2,9,4863,1940,1685,3,145
32,130,210,96.0,858.0,187,455,4.9,141.0,0,1800.0,520,5,0,9,4863,1940,1685,3,147
32,131,210,90.6,858.0,214,425,4.3,141.0,0,1800.0,520,5,0,9,4879,1940,1672,3,39
32,132,240,90.6,1000.0,242,420,3.5,141.0,0,1800.0,520,5,0,9,4879,1940,1672,3,40
32,133,210,96.0,565.0,165,570,6.7,130.0,0,750.0,620,5,2,5,5223,1926,1512,4,213
32,134,210,118.0,800.0,180,655,5.7,160.0,0,1700.0,620,5,0,5,5223,1926,1518,4,239
32,135,210,118.0,568.0,173,685,6.2,160.0,0,750.0,620,5,2,5,5223,1926,1518,4,238
32,136,210,118.0,828.0,180,640,4.9,160.0,0,1700.0,620,5,0,5,5223,1926,1518,4,240
32,137,210,118.0,858.0,180,640,4.4,160.0,0,1700.0,620,5,0,5,5223,1926,1518,4,241
32,138,250,118.0,1020.0,222,585,3.4,160.0,0,1700.0,620,5,0,5,5223,1926,1518,4,242
32,139,210,118.0,800.0,199,530,6.1,160.0,0,1800.0,645,7,0,10,5125,1959,1718,3,162
32,140,210,118.0,568.0,195,540,6.8,160.0,0,750.0,645,7,2,10,5125,1959,1718,3,161
32,141,210,118.0,828.0,199,530,5.3,160.0,0,1800.0,645,7,0,10,5125,1959,1718,3,163
32,142,210,118.0,858.0,199,530,4.7,160.0,0,1800.0,645,7,0,10,5125,1959,1718,3,164
32,143,210,118.0,950.0,211,490,4.4,160.0,0,1800.0,440,4,0,10,5125,1959,1725,3,160
32,144,132,45.0,245.0,177,220,13.3,50.0,0,1500.0,828,7,1,11,4922,1859,1811,5,276
32,145,132,45.0,245.0,167,225,12.6,50.0,0,1500.0,551,5,1,11,4498,1859,1819,5,78
32,146,160,60.0,365.0,282,210,12.0,60.0,0,0.0,1410,7,1,11,5370,1928,1911,5,194
32,147,160,60.0,365.0,282,215,12.0,60.0,0,0.0,1030,7,1,11,5140,1928,1910,5,193
32,148,140,90.0,365.0,249,315,12.2,96.0,0,0.0,1410,7,1,11,5370,1928,1901,5,307
32,149,160,90.0,365.0,276,320,12.1,96.0,0,0.0,1030,7,1,11,5140,1928,1901,5,195
32,204,180,116.0,1164.0,267,360,4.7,150.0,0,0.0,555,5,0,10,4624,1931,1986,3,237
32,419,160,60.0,360.0,254,215,12.0,60.0,0,0.0,1390,8,1,11,5370,1928,1890,5,199
32,420,160,60.0,360.0,259,220,12.0,60.0,0,0.0,990,8,1,11,5140,1928,1890,5,198
32,421,160,90.0,360.0,260,325,12.1,96.0,0,0.0,990,8,1,11,5140,1928,1890,5,200
33,67,160,38.5,290.0,129,230,7.9,60.0,0,750.0,300,5,1,6,4079,1754,1514,3,235
33,68,200,49.2,350.0,143,280,6.4,75.0,0,750.0,300,5,1,6,4079,1754,1514,3,342
33,69,170,49.2,330.0,129,290,7.1,75.0,0,750.0,300,5,1,6,4079,1754,1514,3,236
33,89,160,36.6,290.0,125,250,7.3,60.0,0,0.0,200,4,1,1,3858,1756,1460,1,118
33,90,200,49.2,350.0,135,290,5.9,75.0,0,0.0,200,4,1,1,3858,1756,1460,1,341
33,91,170,49.2,330.0,127,330,6.7,75.0,0,0.0,200,4,1,1,3858,1756,1460,1,119
33,94,170,64.6,250.0,140,380,8.6,94.0,0,750.0,460,5,1,7,4433,1843,1656,3,115
33,95,180,64.6,494.0,149,365,5.6,94.0,0,1200.0,460,5,0,7,4433,1843,1656,3,116
34,108,200,90.0,700.0,170,435,4.5,135.0,0,1200.0,579,5,0,9,4854,1995,1703,3,88
34,109,200,73.5,700.0,181,365,4.5,110.0,0,1200.0,579,5,0,9,4854,1995,1703,3,87
34,110,200,90.0,850.0,185,430,3.9,100.0,0,2000.0,570,5,0,10,4912,1987,1720,3,48
34,111,200,73.5,850.0,198,355,3.9,110.0,0,2000.0,570,5,0,10,4912,1987,1720,3,47
34,112,200,90.0,850.0,185,440,4.1,190.0,0,2000.0,265,6,0,10,5099,1989,1750,3,266
34,113,200,73.5,850.0,196,360,4.1,110.0,0,2000.0,265,6,0,10,5099,1989,1750,3,265
34,153,200,90.0,700.0,167,500,4.0,100.0,0,1400.0,386,5,0,4,4790,1960,1499,4,46
34,154,200,73.5,700.0,175,410,4.0,110.0,0,1400.0,386,5,0,4,4790,1960,1499,4,45
34,155,200,90.0,700.0,178,485,4.0,135.0,0,1400.0,450,5,0,4,4790,1960,1499,6,83
34,156,200,73.5,700.0,169,400,4.0,110.0,0,1400.0,450,5,0,4,4790,1960,1499,6,82
34,157,200,90.0,850.0,178,505,3.8,100.0,0,2000.0,363,5,0,5,5101,1987,1509,4,36
34,158,200,73.5,850.0,191,415,3.8,110.0,0,2000.0,363,5,0,5,5101,1987,1509,4,35
35,71,160,63.0,300.0,175,335,7.5,90.0,0,750.0,468,5,1,7,4595,1850,1660,3,2
35,72,160,87.0,300.0,169,450,7.6,110.0,0,750.0,468,5,1,7,4595,1850,1660,3,3
35,73,200,87.0,600.0,190,405,5.7,110.0,0,1500.0,415,5,0,7,4595,1850,1660,3,4
35,366,132,45.0,245.0,158,225,12.6,50.0,0,1500.0,819,5,1,11,4488,1860,1838,5,141
35,367,130,45.0,245.0,173,220,13.3,50.0,0,1500.0,819,7,1,11,4911,1860,1815,5,362
36,74,170,50.8,270.0,128,320,9.2,85.0,0,0.0,352,5,1,2,4374,1860,1470,1,50
36,75,170,50.8,270.0,123,310,9.3,85.0,0,0.0,516,5,1,2,4642,1860,1480,6,51
36,86,135,50.0,260.0,149,235,11.3,80.0,0,750.0,775,5,1,11,4410,1921,1812,5,219
36,87,135,50.0,260.0,149,230,11.3,80.0,0,750.0,1050,7,1,11,4760,1921,1818,5,220
36,92,150,46.3,260.0,131,290,8.7,78.0,0,0.0,267,5,1,1,4061,1765,1435,1,93
36,93,150,48.1,260.0,120,315,8.1,80.0,0,0.0,267,5,1,1,4061,1765,1435,1,94
36,203,140,44.0,120.0,144,245,12.1,60.0,0,350.0,460,5,1,6,4385,1795,1635,3,275
36,216,170,73.0,260.0,145,365,9.0,90.0,0,1200.0,550,5,1,7,4650,1934,1665,3,322
36,217,170,82.2,260.0,146,410,9.0,100.0,0,1200.0,550,5,1,7,4650,1934,1665,3,323
36,272,150,50.8,260.0,126,285,9.0,85.0,0,0.0,310,5,1,6,4151,1790,1534,3,334
36,377,130,46.3,270.0,217,180,13.3,78.0,0,1000.0,603,9,1,11,4983,1920,1890,5,294
36,378,130,68.0,270.0,202,260,14.2,79.0,0,1000.0,603,9,1,11,4983,1920,1890,5,296
36,379,130,46.3,270.0,219,180,13.3,78.0,0,1000.0,989,9,1,11,5333,1920,1890,5,295
36,380,130,68.0,260.0,204,260,14.2,79.0,0,1000.0,989,9,1,11,5333,1920,1890,5,297
37,383,150,46.3,260.0,136,270,9.9,78.0,0,0.0,434,5,1,6,4304,1775,1523,3,98
37,384,150,50.8,260.0,125,300,9.1,85.0,0,0.0,434,5,1,6,4304,1775,1523,3,99
37,385,150,46.3,260.0,132,290,9.0,78.0,0,0.0,265,5,1,1,4055,1765,1430,1,100
37,386,150,48.1,260.0,120,310,8.2,80.0,0,0.0,265,5,1,1,4055,1765,1430,1,101
37,387,170,73.0,345.0,143,380,8.8,90.0,0,1250.0,588,5,1,7,4542,1895,1641,3,124
37,388,170,96.9,345.0,145,500,8.7,135.0,0,1200.0,588,5,1,7,4542,1895,1641,3,125
37,389,170,50.8,260.0,124,300,9.8,80.0,0,0.0,412,5,1,2,4367,1852,1441,1,31
37,390,170,73.0,345.0,150,370,9.7,90.0,0,1000.0,348,7,1,8,4791,1895,1694,3,208
37,391,170,96.9,345.0,152,485,9.6,135.0,0,1000.0,348,7,1,8,4791,1895,1694,3,209
37,400,132,50.0,270.0,152,235,11.7,80.0,0,750.0,775,5,1,11,4403,1921,1818,5,221
37,401,132,50.0,270.0,153,230,11.7,80.0,0,750.0,1050,7,1,11,4755,1921,1837,5,222
37,410,130,46.3,270.0,217,180,13.3,78.0,0,1000.0,603,9,1,11,4983,1920,1890,5,290
37,411,130,68.0,270.0,202,260,14.2,79.0,0,1000.0,603,9,1,11,4983,1920,1890,5,292
37,412,130,46.3,270.0,219,180,13.3,78.0,0,1000.0,989,9,1,11,5333,1920,1890,5,291
37,413,130,68.0,270.0,204,260,14.2,79.0,0,1000.0,989,9,1,11,5333,1920,1890,5,293
38,21,205,79.0,740.0,142,455,4.5,125.0,0,1500.0,407,5,0,3,4606,1859,1479,2,407
38,22,205,79.0,740.0,142,450,4.2,125.0,0,1500.0,407,5,0,3,4606,1859,1473,2,408
38,23,205,79.0,490.0,130,475,6.2,125.0,0,1500.0,407,5,2,3,4606,1859,1479,2,406
38,24,205,67.0,490.0,129,405,6.4,110.0,0,1500.0,407,5,2,3,4606,1859,1479,2,405
38,26,210,107.0,840.0,183,515,5.0,150.0,0,2200.0,484,5,0,9,4900,1968,1614,3,37
38,27,210,107.0,910.0,194,495,4.7,150.0,0,2200.0,484,5,0,9,4900,1968,1614,3,38
38,28,180,107.0,490.0,166,530,7.8,150.0,0,1500.0,484,5,2,9,4900,1968,1614,3,268
38,35,200,94.0,686.0,165,485,3.8,135.0,0,2000.0,526,5,0,4,4839,2008,1544,2,73
38,36,180,94.0,343.0,157,495,7.4,135.0,0,1500.0,526,5,2,4,4839,2008,1544,2,72
39,259,220,95.0,650.0,184,470,5.2,200.0,0,2000.0,540,5,0,8,4784,1938,1622,3,158
39,260,240,95.0,820.0,186,470,4.1,200.0,0,2000.0,540,5,0,8,4784,1938,1622,3,281
39,261,220,95.0,563.0,177,495,5.7,200.0,0,2000.0,540,5,2,8,4784,1938,1623,3,157
39,262,260,95.0,1001.0,183,460,3.3,200.0,0,2000.0,480,5,0,8,4784,1938,1621,3,159
39,343,230,82.3,410.0,164,495,4.8,195.0,0,0.0,407,5,2,5,4963,1966,1379,4,171
39,344,230,82.3,585.0,172,490,4.6,195.0,0,0.0,407,5,0,5,4963,1966,1379,4,343
39,345,220,97.0,610.0,188,510,4.7,281.0,0,0.0,446,5,0,5,4974,1967,1409,6,183
39,346,230,97.0,610.0,175,565,4.6,281.0,0,0.0,407,5,0,5,4963,1966,1379,4,344
39,347,250,82.3,695.0,174,490,3.7,195.0,0,0.0,407,5,0,5,4963,1966,1379,4,173
39,348,240,97.0,710.0,188,510,3.8,281.0,0,0.0,446,5,0,5,4974,1967,1409,6,184
39,349,250,97.0,710.0,177,565,3.7,281.0,0,0.0,407,5,0,5,4963,1966,1379,4,174
39,350,250,97.0,710.0,186,510,3.7,281.0,0,0.0,446,5,0,5,4963,1966,1390,6,180
39,351,250,82.3,695.0,183,440,3.7,195.0,0,0.0,446,5,0,5,4963,1966,1390,6,179
39,352,250,97.0,790.0,176,535,3.3,281.0,0,0.0,366,5,0,5,4963,1966,1381,4,345
39,353,250,97.0,790.0,185,505,3.3,281.0,0,0.0,405,5,0,5,4963,1966,1392,6,346
39,354,230,97.0,420.0,168,575,4.8,281.0,0,0.0,407,5,2,5,4963,1966,1379,4,172
39,355,230,97.0,420.0,176,530,4.8,281.0,0,0.0,446,5,2,5,4963,1966,1390,6,178
39,356,230,82.3,410.0,173,460,4.8,195.0,0,0.0,446,5,2,5,4963,1966,1390,6,177
39,357,260,97.0,940.0,174,535,2.7,281.0,0,0.0,366,5,0,5,4963,1966,1379,4,175
39,358,250,97.0,940.0,188,495,2.8,281.0,0,0.0,405,5,0,5,4974,1967,1412,6,185
39,359,290,97.0,1340.0,184,475,2.3,281.0,0,0.0,326,5,0,5,4968,1966,1378,4,204
39,360,305,97.0,1340.0,180,475,2.2,281.0,0,0.0,367,2,0,5,4968,1966,1378,4,205
39,361,260,97.0,1110.0,174,525,2.4,281.0,0,0.0,366,5,0,5,4963,1966,1378,4,176
39,362,250,97.0,1110.0,188,485,2.5,281.0,0,0.0,405,5,0,5,4974,1967,1407,6,186
39,363,260,97.0,1110.0,183,505,2.4,281.0,0,0.0,405,5,0,5,4963,1966,1388,6,182
39,364,260,97.0,940.0,184,505,2.7,281.0,0,0.0,405,5,0,5,4963,1966,1392,6,181
40,29,150,40.0,225.0,124,245,9.2,55.0,0,750.0,420,5,1,6,4143,1796,1552,3,387
40,30,150,52.0,245.0,127,315,8.2,70.0,0,750.0,420,5,1,6,4143,1796,1552,3,388
40,37,150,40.0,225.0,132,250,9.0,55.0,0,500.0,326,5,1,1,3922,1808,1489,1,196
40,38,150,52.0,245.0,129,320,8.0,70.0,0,500.0,326,5,1,1,3922,1808,1489,1,197
40,253,135,45.0,245.0,158,225,12.6,50.0,0,1500.0,950,5,1,11,4486,1860,1838,5,52
40,254,130,45.0,245.0,170,220,13.3,50.0,0,1500.0,500,7,1,11,4911,1860,1815,5,142
40,263,150,60.0,250.0,125,380,10.5,88.0,0,500.0,440,5,1,2,4200,1860,1505,1,392
40,264,160,60.0,300.0,133,380,7.4,88.0,0,900.0,440,5,1,2,4200,1860,1505,1,393
40,335,150,60.0,280.0,144,340,8.6,75.0,0,1100.0,545,5,1,7,4470,1864,1571,3,155
40,336,170,87.0,300.0,143,480,7.9,95.0,0,1100.0,545,5,1,7,4470,1864,1571,3,156
41,184,160,52.0,310.0,149,310,9.0,90.0,0,1000.0,470,5,2,7,4488,1884,1625,3,318
41,185,160,59.0,310.0,149,350,8.5,110.0,0,1000.0,470,5,2,7,4488,1884,1625,3,319
41,186,180,77.0,545.0,145,450,6.6,120.0,0,1000.0,470,5,2,7,4488,1884,1625,3,320
41,187,180,79.0,679.0,151,450,5.4,135.0,0,1200.0,470,5,0,7,4488,1884,1608,3,424
41,191,160,59.0,310.0,145,360,8.1,110.0,0,1000.0,585,5,2,7,4658,1879,1622,3,363
41,192,180,77.0,545.0,141,455,6.7,120.0,0,1000.0,585,5,2,7,4658,1879,1622,3,364
41,193,180,77.0,679.0,150,450,6.7,120.0,0,1200.0,585,5,0,7,4658,1879,1620,3,365
41,194,160,59.0,310.0,141,370,8.1,110.0,0,1000.0,570,5,2,7,4658,1879,1623,3,366
41,195,180,77.0,545.0,138,470,6.7,120.0,0,1000.0,570,5,2,7,4658,1879,1623,3,367
41,196,180,77.0,679.0,146,460,6.7,120.0,0,1200.0,570,5,0,7,4658,1879,1621,3,368
41,197,180,79.0,679.0,143,470,5.4,135.0,0,1200.0,570,5,0,7,4660,1879,1608,3,426
41,198,180,79.0,679.0,147,460,5.4,135.0,0,1200.0,585,5,0,7,4660,1879,1607,3,425
42,0,180,62.0,584.0,155,325,3.9,100.0,0,1600.0,313,5,0,6,4300,1822,1636,3,34
42,1,180,62.0,343.0,141,335,6.7,100.0,0,1600.0,323,5,2,6,4270,1822,1636,3,151
42,2,180,47.0,343.0,152,250,6.7,65.0,0,0.0,323,5,2,6,4270,1822,1636,3,140
42,3,180,62.0,343.0,148,335,6.7,100.0,0,1600.0,323,5,2,6,4270,1822,1636,3,19
42,4,180,62.0,584.0,155,325,4.5,100.0,0,1600.0,313,5,0,6,4300,1822,1636,3,86
42,5,180,47.0,343.0,152,250,6.7,65.0,0,0.0,323,5,2,6,4270,1822,1636,3,260
42,6,180,62.0,343.0,148,335,6.7,100.0,0,1600.0,323,5,2,6,4270,1822,1636,3,261
42,7,180,62.0,543.0,149,335,3.7,100.0,0,1600.0,370,5,0,6,4400,1844,1556,3,121
42,8,180,62.0,343.0,136,355,5.8,110.0,0,1600.0,370,5,2,6,4400,1844,1556,3,152
42,9,180,47.0,343.0,145,265,5.9,65.0,0,0.0,370,5,2,6,4400,1844,1556,3,150
42,10,180,62.0,343.0,143,355,5.8,110.0,0,1600.0,370,5,2,6,4400,1844,1556,3,120
42,11,210,94.0,710.0,174,450,3.8,230.0,0,1600.0,630,5,0,8,4695,1920,1705,3,421
42,12,200,94.0,373.0,159,465,6.5,230.0,0,1600.0,630,5,2,8,4695,1920,1705,3,398
42,13,200,74.4,373.0,160,370,6.9,110.0,0,1600.0,630,5,2,8,4695,1920,1705,3,396
42,14,200,94.0,373.0,159,465,6.5,230.0,0,1600.0,630,5,2,8,4695,1920,1705,3,397
42,15,200,94.0,643.0,174,455,4.9,230.0,0,1600.0,630,5,0,8,4695,1920,1705,3,399
42,16,200,94.0,643.0,174,455,4.9,230.0,0,1600.0,630,5,0,8,4695,1920,1705,3,400
43,337,160,64.0,336.0,154,320,6.9,100.0,0,750.0,441,5,0,7,4690,1860,1650,3,13
44,265,201,75.0,493.0,119,525,4.4,124.0,0,1000.0,594,5,0,3,4720,1849,1441,4,113
44,266,201,75.0,450.0,117,545,5.2,124.0,0,1000.0,594,5,2,3,4720,1849,1441,4,321
44,267,262,75.0,741.0,142,490,3.2,124.0,0,0.0,594,5,0,3,4720,1849,1431,4,233
44,268,201,60.5,420.0,116,445,6.1,110.0,0,1000.0,594,5,2,3,4720,1849,1441,4,427
44,269,201,75.0,493.0,132,455,4.8,124.0,0,1600.0,854,5,0,8,4790,1982,1624,3,371
44,270,201,75.0,450.0,121,470,5.6,124.0,0,1600.0,854,5,2,8,4790,1982,1624,3,385
44,271,201,60.5,420.0,121,375,5.9,110.0,0,1600.0,854,5,2,8,4790,1982,1624,3,370
45,297,130,68.0,260.0,204,260,13.3,79.0,0,1000.0,989,9,1,11,5333,1920,1890,5,300
45,298,130,46.3,260.0,217,180,12.1,78.0,0,1000.0,603,9,1,11,4983,1920,1890,5,298
45,299,130,68.0,260.0,202,260,13.3,79.0,0,1000.0,603,9,1,11,4983,1920,1890,5,299
45,300,132,50.0,260.0,149,235,11.7,80.0,0,750.0,775,5,1,11,4403,1921,1803,5,223
45,301,132,50.0,260.0,149,230,11.7,80.0,0,750.0,1050,7,1,11,4753,1921,1814,5,224
45,381,160,64.0,336.0,154,345,6.9,100.0,0,750.0,452,5,0,7,4690,1860,1600,3,12
45,382,160,64.0,265.0,145,350,7.5,100.0,0,750.0,452,5,1,7,4690,1860,1600,3,11
46,369,200,87.7,500.0,186,405,5.9,120.0,0,1800.0,376,5,0,8,4750,1934,1667,3,53
46,370,200,87.7,620.0,196,400,5.5,120.0,0,1800.0,376,5,0,8,4750,1934,1667,3,54
47,220,160,86.0,560.0,182,350,6.5,145.0,0,1600.0,1340,7,0,11,4960,1985,1927,5,215
47,221,160,86.0,560.0,190,370,7.9,145.0,0,1000.0,1340,7,2,11,4962,1985,1924,5,212
47,222,160,79.0,560.0,194,330,6.5,135.0,0,1800.0,1121,6,0,11,4712,1985,1925,5,214
47,223,160,79.0,560.0,187,360,7.6,135.0,0,1200.0,1121,6,2,11,4712,1985,1927,5,269
47,224,145,59.0,310.0,178,275,10.7,110.0,0,1000.0,1121,6,2,11,4712,1985,1927,5,384
47,225,180,79.0,545.0,131,470,5.9,135.0,0,0.0,385,5,2,2,4322,1809,1538,1,210
47,226,200,79.0,545.0,131,465,5.6,135.0,0,0.0,385,5,2,2,4322,1809,1538,1,211
47,227,160,59.0,310.0,136,365,7.6,110.0,0,0.0,385,5,2,2,4264,1809,1564,1,256
47,228,160,77.0,310.0,138,465,7.1,120.0,0,0.0,385,5,2,2,4264,1809,1564,1,253
47,229,160,52.0,310.0,134,325,8.2,90.0,0,0.0,385,5,2,2,4264,1809,1564,1,257
47,230,180,77.0,679.0,152,420,5.4,120.0,0,1200.0,543,5,0,7,4584,1852,1631,3,135
47,231,180,77.0,545.0,149,445,6.7,120.0,0,1000.0,543,5,2,7,4584,1852,1631,3,133
47,232,180,77.0,679.0,155,435,6.6,120.0,0,1200.0,543,5,0,7,4584,1852,1631,3,134
47,233,160,52.0,310.0,143,285,9.0,87.0,0,1000.0,543,5,2,7,4584,1852,1640,3,132
47,234,180,77.0,679.0,144,430,5.5,120.0,0,1200.0,549,5,0,7,4599,1852,1615,3,137
47,235,180,77.0,545.0,138,460,6.7,120.0,0,1000.0,549,5,2,7,4599,1852,1615,3,136
47,236,160,52.0,310.0,142,320,8.9,87.0,0,1000.0,549,5,2,7,4599,1852,1615,3,358
47,237,180,86.0,560.0,145,500,5.4,145.0,0,1200.0,532,5,0,4,4961,1862,1536,2,259
47,238,180,77.0,550.0,132,475,6.5,125.0,0,1000.0,532,5,2,4,4961,1862,1536,2,70
47,239,180,86.0,550.0,133,525,6.6,145.0,0,1000.0,532,5,2,4,4961,1862,1536,2,71
47,240,180,86.0,560.0,147,500,5.5,145.0,0,1200.0,605,5,0,4,4961,1862,1536,6,216
47,241,180,77.0,550.0,146,470,6.6,125.0,0,1000.0,605,5,2,4,4961,1862,1536,6,188
47,242,180,86.0,550.0,125,520,6.7,145.0,0,1000.0,605,5,2,4,4961,1862,1536,6,189
48,104,180,67.0,420.0,151,360,7.3,110.0,0,1500.0,404,5,2,7,4440,1873,1596,3,409
48,105,180,79.0,420.0,146,420,7.3,125.0,0,1500.0,404,5,2,7,4440,1873,1596,3,410
48,106,180,79.0,670.0,155,400,4.8,125.0,0,1800.0,404,5,0,7,4440,1873,1596,3,411
48,107,180,79.0,670.0,155,400,4.6,125.0,0,1800.0,404,5,0,7,4440,1873,1596,3,412
48,150,180,88.0,480.0,135,485,6.9,190.0,0,1600.0,446,5,2,5,5000,1942,1546,2,389
48,151,180,102.0,670.0,146,530,5.5,225.0,0,2000.0,446,5,0,5,5000,1942,1546,2,390
48,152,180,102.0,870.0,146,530,4.0,225.0,0,2000.0,446,5,0,5,5000,1942,1546,2,391
48,170,180,65.0,543.0,152,330,3.7,114.0,0,1600.0,318,5,0,6,4233,1837,1573,3,383
48,171,180,49.0,343.0,147,275,5.7,80.0,0,1000.0,318,5,2,6,4233,1837,1549,3,79
48,172,180,65.0,343.0,138,365,5.3,113.0,0,1600.0,318,5,2,6,4233,1837,1549,3,80
48,173,180,65.0,543.0,145,340,3.6,113.0,0,1600.0,318,5,0,6,4233,1837,1549,3,81
48,174,180,67.0,420.0,154,345,7.3,110.0,0,1500.0,410,5,2,7,4440,1863,1652,3,413
48,175,180,79.0,420.0,152,400,7.3,125.0,0,1500.0,410,5,2,7,4440,1863,1652,3,414
48,176,180,79.0,670.0,163,385,4.8,125.0,0,1800.0,410,5,0,7,4440,1863,1652,3,415
48,177,180,79.0,670.0,163,385,4.6,125.0,0,1800.0,410,5,0,7,4440,1863,1652,3,416
48,178,180,100.0,490.0,182,460,8.4,140.0,0,1200.0,310,7,2,10,5037,1964,1744,3,102
48,179,180,107.0,770.0,188,470,5.9,150.0,0,2200.0,310,7,0,10,5037,1964,1744,3,43
48,180,180,107.0,910.0,188,455,4.9,150.0,0,2200.0,310,7,0,10,5037,1964,1744,3,44
49,202,200,100.0,720.0,200,480,4.4,80.0,0,2000.0,550,5,0,9,4905,1950,1645,3,148
50,205,200,87.5,660.0,159,475,4.1,180.0,0,1500.0,571,5,0,8,4753,1920,1650,3,230
50,206,200,87.5,440.0,154,480,6.7,180.0,0,1500.0,571,5,2,8,4753,1920,1650,3,229
50,207,200,66.0,440.0,152,370,6.9,140.0,0,1500.0,571,5,2,8,4753,1920,1650,3,228
50,208,200,93.1,717.0,179,465,3.9,224.0,0,1500.0,660,5,0,9,4891,1937,1670,3,62
50,209,200,93.1,430.0,163,480,6.4,224.0,0,1500.0,660,5,2,9,4891,1937,1670,3,61
50,210,200,75.8,430.0,165,395,6.4,170.0,0,1500.0,660,5,2,9,4891,1937,1680,3,60
50,294,200,82.7,757.0,164,460,4.1,138.0,0,0.0,440,5,0,4,4888,1896,1450,4,58
50,295,200,82.7,440.0,144,495,6.7,138.0,0,0.0,440,5,2,4,4888,1896,1450,4,57
50,296,200,82.7,757.0,164,455,4.1,138.0,0,0.0,440,5,0,4,4888,1896,1450,4,59
51,17,200,94.0,343.0,152,505,7.2,135.0,0,1500.0,539,5,2,4,4955,1999,1560,2,89
51,18,200,94.0,686.0,159,480,3.8,135.0,0,2000.0,539,5,0,4,4955,1999,1560,2,90
51,19,200,94.0,686.0,162,480,3.8,135.0,0,2000.0,539,5,0,4,4955,1999,1548,2,91
51,54,210,94.0,440.0,153,475,6.0,260.0,0,2000.0,539,5,2,8,4787,1930,1650,3,360
51,55,210,94.0,710.0,173,450,3.8,260.0,0,2000.0,539,5,0,8,4787,1930,1650,3,361
51,56,210,71.0,440.0,148,365,6.0,240.0,0,2000.0,539,5,2,8,4787,1930,1650,3,359
51,371,190,49.0,343.0,148,265,5.9,70.0,0,1600.0,362,5,2,6,4432,1836,1566,3,438
51,372,190,65.0,343.0,146,360,5.6,114.0,0,1600.0,362,5,2,6,4432,1836,1566,3,439
51,373,190,65.0,543.0,153,350,3.8,114.0,0,1600.0,362,5,0,6,4432,1836,1566,3,440
